<?xml version="1.0" encoding="UTF-8"?>
<!DOCTYPE module PUBLIC "-//Puppy Crawl//DTD Check Configuration 1.3//EN" "http://www.puppycrawl.com/dtds/configuration_1_3.dtd">

<!--
    This configuration file was written by the eclipse-cs plugin configuration editor
-->
<!--
    Checkstyle-Configuration: EclipseCheckStyle
    Description: none
-->
<module name="Checker">
  <property name="severity" value="warning"/>
  <property name="fileExtensions" value="java, properties, xml"/>



  <module name="TreeWalker">
 
    
    <module name="ConstantName">
      <property name="severity" value="error"/>
      <property name="id" value="1020"/>
      <message key="name.invalidPattern" value="名称 ''{0}'' ，静态常量必须是全部大写字母，单词之间以 _ 分割；必须匹配表达式： ''{1}'' 。"/>
    </module>
    

   
    <module name="TypeName">
      <property name="severity" value="error"/>
    </module>
   
    <module name="IllegalImport">
      <property name="severity" value="error"/>
    </module>
    
   
    <module name="LineLength">
      <property name="severity" value="error"/>
      <property name="max" value="190"/>
      <property name="tabWidth" value="4"/>
    </module>

    <module name="MethodLength">
      <property name="severity" value="error"/>
      <property name="max" value="250"/>
    </module>
  
      
    <module name="OperatorWrap">
      <property name="severity" value="error"/>
      <property name="tokens" value="QUESTION,COLON,EQUAL,NOT_EQUAL,DIV,PLUS,MINUS,STAR,MOD,SR,BSR,GE,GT,SL,LE,LT,BXOR,BOR,LOR,BAND,LAND,LITERAL_INSTANCEOF,TYPE_EXTENSION_AND"/>
    </module>
   
    
    <module name="EmptyBlock">
      <property name="severity" value="error"/>
    </module>
    <module name="LeftCurly">
      <property name="severity" value="error"/>
      <property name="id" value="10025"/>
    </module>
    <module name="NeedBraces">
      <property name="severity" value="error"/>
    </module>
    <module name="RightCurly">
      <property name="severity" value="error"/>
    </module>
   
    <module name="MissingSwitchDefault">
      <property name="severity" value="error"/>
    </module>
   
    <module name="ArrayTypeStyle">
      <property name="severity" value="error"/>
    </module>
   
    <module name="NestedForDepth">
      <property name="severity" value="error"/>
      <property name="max" value="3"/>
    </module>
    <module name="NestedIfDepth">
      <property name="severity" value="error"/>
      <property name="max" value="4"/>
    </module>
  
    <module name="OneStatementPerLine">
      <property name="severity" value="error"/>
    </module>
  
  </module>

  <module name="RegexpSingleline">
    <property name="format" value="\s+$"/>
    <property name="message" value="Line has trailing spaces."/>
  </module>


</module>
